<?xml version="1.0" encoding="UTF-8"?>
<Configuration status="WARN">
    <Appenders>
        <Console name="Console" target="SYSTEM_OUT">
            <PatternLayout pattern="%d{HH:mm:ss.SSS} [%t] %-5level %logger{36} - %msg%n"/>
        </Console>
    </Appenders>
    <Loggers>
        <Root level="DEBUG">
            <AppenderRef ref="Console"/>
        </Root>
        <logger name="java.sql" level="DEBUG"></logger>
        <logger name="org.apache.ibatis" level="INFO"></logger>
    </Loggers>
</Configuration>